{"cameraMode":{"drawMode":0,"name":"Shaded","section":"Shading Mode"},"sceneLighting":true,"audioPlay":false,"sceneViewState":{"showFog":true,"showMaterialUpdate":false,"showSkybox":true,"showFlares":true,"showImageEffects":true,"showParticleSystems":true},"in2DMode":false,"pivot":{"x":6.514641761779785,"y":0.8750858306884766,"z":15.225589752197266},"rotation":{"x":0.010655947960913182,"y":0.9891846179962158,"z":-0.11206551641225815,"w":0.09405743330717087},"size":37.43885040283203,"orthographic":false}