{"cameraMode":{"drawMode":0,"name":"Shaded","section":"Shading Mode"},"sceneLighting":true,"audioPlay":false,"sceneViewState":{"showFog":true,"showMaterialUpdate":false,"showSkybox":true,"showFlares":true,"showImageEffects":true,"showParticleSystems":true},"in2DMode":false,"pivot":{"x":0.2603939175605774,"y":5.5153656005859379,"z":-1.1114258766174317},"rotation":{"x":0.24611561000347138,"y":-0.018025992438197137,"z":0.004536183085292578,"w":0.969078004360199},"size":6.389013290405273,"orthographic":false}